millis,A0,A1,A2,B0,B1,B2,C0,C1,C2,D0,D1,D2,E0,E1,E2,F0,F1,F2,G0,G1,G2,H0,H1,H2,I0,I1,I2,J0,J1,J2,K0,K1,K2,L0,L1,L2
3206,0.0,0.0,0.0,0.0,0.0,0.0,-68.106636,7.6517806,-66.67944,-151.10623,2.7640638,-80.62935,0.0,0.0,0.0,131.2667,5.625306,-63.021053,150.41472,17.2493,-10.987213,-110.63983,7.5995564,-44.011284,-143.34305,36.42563,-10.628349,-65.602585,8.856906,-42.04653,-139.29642,51.346104,-30.082722,-90.933266,-56.696198,14.285396
