millis,A0,A1,A2,B0,B1,B2,C0,C1,C2,D0,D1,D2,E0,E1,E2,F0,F1,F2,G0,G1,G2,H0,H1,H2,I0,I1,I2,J0,J1,J2,K0,K1,K2,L0,L1,L2
8585,2.0565405,67.88537,-7.054059,0.0,0.0,0.0,41.960762,-32.984863,-48.86142,-130.43103,-33.29064,20.477478,167.02048,-36.620506,-41.3794,-153.35776,-53.398075,-16.653376,135.6199,-35.06122,-30.702585,67.72405,-53.47083,-25.143396,153.91148,-41.72156,-39.07821,-67.95522,-76.80192,-10.633776,-169.63683,6.517649,-28.156225,-78.59544,38.45316,11.672895
8903,42.243366,26.3748,38.603264,0.0,0.0,0.0,67.12133,-28.610067,-19.13095,-156.00201,-27.062462,62.761784,124.91534,-49.412815,-38.976616,-135.98645,-44.43662,38.199635,127.98138,-52.253376,-37.727306,55.320213,-41.177074,33.94816,104.21817,-71.19172,-15.223739,13.539126,-38.788284,46.913265,-146.8192,-31.77183,-9.9733515,-67.4838,66.65283,23.290665
