millis,A0,A1,A2,B0,B1,B2,C0,C1,C2,D0,D1,D2,E0,E1,E2,F0,F1,F2,G0,G1,G2,H0,H1,H2,I0,I1,I2,J0,J1,J2,K0,K1,K2,L0,L1,L2
3921,85.32592,31.111706,-8.112752,137.3097,14.428349,4.644634,-157.56628,-50.04186,-30.604578,161.62686,-42.712517,-16.422712,125.17329,-54.382347,-35.568893,-81.40429,-47.504246,-42.305717,-56.958767,-52.168915,-31.522139,120.58922,-62.63778,-25.915575,151.18202,-26.19083,-24.000168,158.54762,-6.6081095,-77.26668,-73.03083,-11.268079,-23.053705,121.1644,11.743698,29.649075
