millis,A0,A1,A2,B0,B1,B2,C0,C1,C2,D0,D1,D2,E0,E1,E2,F0,F1,F2,G0,G1,G2,H0,H1,H2,I0,I1,I2,J0,J1,J2,K0,K1,K2,L0,L1,L2
3129,-10.370317,-4.6542664,-67.74435,-28.613127,0.077757075,-67.21276,12.753802,21.23239,-51.36665,51.63785,50.284256,-39.66884,-6.353437,31.299,-34.013107,20.440472,29.797571,-57.372425,-157.1156,36.139236,-28.26825,7.908489,33.98863,-46.57317,62.681446,36.47805,8.7052965,-162.06985,25.074144,-63.239544,39.491028,-6.169167,9.825508,-107.384445,10.610986,-15.607981
