millis,A0,A1,A2,B0,B1,B2,C0,C1,C2,D0,D1,D2,E0,E1,E2,F0,F1,F2,G0,G1,G2,H0,H1,H2,I0,I1,I2,J0,J1,J2,K0,K1,K2,L0,L1,L2
3943,33.674458,-8.212445,-36.99267,107.323296,-23.255306,-10.931904,-116.508354,-55.43375,-19.442862,122.20903,-53.402176,-36.078754,-142.06195,-44.98697,26.84958,-65.25835,-41.787155,-2.6660352,170.92656,-53.883923,27.811548,31.635622,-45.343716,10.29523,87.80034,-77.208405,6.555696,23.016607,-29.61771,22.930498,0.0,0.0,0.0,-17.372223,9.658702,76.50211
4220,33.305515,-8.427762,-37.24334,107.2564,-23.43904,-11.218301,-116.19296,-55.161343,-19.554317,122.32709,-53.04698,-36.37075,-142.28752,-44.689564,27.092754,-65.0922,-41.462677,-2.735466,171.42514,-53.75704,28.007996,31.532076,-45.092102,10.403195,87.7699,-76.82763,6.66551,22.919611,-29.471361,22.916218,0.0,0.0,0.0,-17.059462,9.511786,76.713005
