millis,A0,A1,A2,B0,B1,B2,C0,C1,C2,D0,D1,D2,E0,E1,E2,F0,F1,F2,G0,G1,G2,H0,H1,H2,I0,I1,I2,J0,J1,J2,K0,K1,K2,L0,L1,L2
3613,-154.31804,40.942444,-19.436388,79.5973,26.686094,-14.260256,129.25854,-48.54151,-40.65022,-56.786728,-44.490444,-31.613546,152.82225,-43.504864,-20.12983,133.72346,-48.85299,-40.715187,53.554554,-44.26843,-12.171222,115.441246,-48.612843,-30.46757,78.04916,-21.192387,-19.59403,0.0,0.0,0.0,-85.11082,-5.9222493,1.7327353,40.100525,51.361797,33.582672
