millis,A0,A1,A2,B0,B1,B2,C0,C1,C2,D0,D1,D2,E0,E1,E2,F0,F1,F2,G0,G1,G2,H0,H1,H2,I0,I1,I2,J0,J1,J2,K0,K1,K2,L0,L1,L2
3892,-115.26663,6.2224727,-27.08438,161.14943,-3.2176814,-15.194966,127.55377,-46.007046,-43.298897,-17.38121,-39.969498,-43.593193,129.72871,-31.029243,-11.825769,140.11832,-37.76358,-46.453766,16.898193,-29.134256,-3.9555445,46.015896,-34.38751,-31.630476,38.488037,-12.517504,-13.991785,-47.720547,46.20836,19.082472,-48.49719,-15.972151,25.990705,-48.250645,-35.076622,25.414505
4924,-135.1027,42.73008,-41.7266,137.19969,39.349403,-10.797719,145.39732,-31.464634,-58.368767,-2.218533,-27.805159,-39.940865,139.20021,-25.19286,-29.490446,146.57718,-33.504353,-56.469685,20.916288,-23.052448,-9.543121,51.29723,-27.656265,-39.559002,36.133194,-18.00374,-34.070557,-0.050893843,29.536041,53.642933,-119.30135,34.221886,0.75416625,14.484678,-16.321001,69.12316
5951,-92.31589,54.333916,11.948099,151.13307,47.49843,10.018963,170.25453,-31.294048,-39.09553,4.61152,-31.963394,-8.001775,137.52577,-40.23862,-43.891296,132.67198,-44.296707,-36.947742,-6.795695,-41.223873,-37.30221,-69.474434,-49.29825,-40.62275,9.987424,-31.801058,-38.76648,-33.66855,-5.7287993,65.93339,-69.22338,-12.674832,70.79856,-31.569178,-24.306005,-5.3416524
6962,-93.98236,62.801136,-8.549049,-121.267105,64.901276,18.287315,-166.3383,-33.273468,-49.8736,38.50295,-19.987055,-12.345482,138.13861,-34.727917,-53.01485,155.05864,-36.214462,-31.950045,-21.162123,-30.646877,-47.117146,-41.43628,-42.679455,-47.30673,-44.68052,-45.63214,-43.32119,76.436935,56.10384,30.838526,60.6366,67.217834,22.401236,-11.80311,-2.927207,-70.86068
7987,-64.63581,17.225103,54.2516,35.04805,27.583096,-56.292034,-89.79366,82.11851,-2.493017,-2.0127327,56.92996,-23.215168,-165.3309,23.005238,-45.708065,-147.50606,40.04733,-43.59893,28.0974,13.622434,-63.62424,-86.667046,24.826616,-21.817081,108.02994,4.628459,-60.5782,60.482246,52.250744,23.324207,38.30477,37.26674,49.41652,-32.275776,74.76788,12.509595
