millis,A0,A1,A2,B0,B1,B2,C0,C1,C2,D0,D1,D2,E0,E1,E2,F0,F1,F2,G0,G1,G2,H0,H1,H2,I0,I1,I2,J0,J1,J2,K0,K1,K2,L0,L1,L2
3103,-167.61801,4.4597983,-15.110269,-1.1316352,-13.015658,-0.65565467,103.29499,-80.76075,-9.134117,-132.65466,-71.9976,-15.489359,75.47935,-58.21186,7.987626,-171.18501,-62.57823,-1.4996376,97.25311,-65.5339,10.001563,-80.0505,-62.24216,2.9222426,-135.8354,-64.955,19.549768,-40.533264,-47.219063,16.86211,-21.000938,-15.2904215,-38.604565,-32.045383,20.451895,59.994316
