millis,A0,A1,A2,B0,B1,B2,C0,C1,C2,D0,D1,D2,E0,E1,E2,F0,F1,F2,G0,G1,G2,H0,H1,H2,I0,I1,I2,J0,J1,J2,K0,K1,K2,L0,L1,L2
7304,178.26414,8.909748,-30.75933,-10.825147,-8.119937,-24.493032,155.69402,-60.624157,-17.821236,-85.50057,-54.218693,-35.64826,60.51173,-36.824356,24.69356,-163.42603,-46.701927,-12.925768,85.45152,-39.99496,34.627846,0.0,0.0,0.0,-132.30388,-51.486694,38.333637,-54.23172,48.068176,-9.415365,-25.467562,-12.521111,-50.49403,-10.103765,3.3172212,83.13194
